--
-- Script was generated by Devart dbForge Studio for MySQL, Version 9.2.105.0
-- Product home page: http://www.devart.com/dbforge/mysql/studio
-- Script date 2024. 05. 21. 16:02:55
-- Server version: 10.4.28
-- Client version: 4.1
--

-- 
-- Disable foreign keys
-- 
/*!40014 SET @OLD_FOREIGN_KEY_CHECKS=@@FOREIGN_KEY_CHECKS, FOREIGN_KEY_CHECKS=0 */;

-- 
-- Set SQL mode
-- 
/*!40101 SET @OLD_SQL_MODE=@@SQL_MODE, SQL_MODE='NO_AUTO_VALUE_ON_ZERO' */;

-- 
-- Set character set the client will use to send SQL statements to the server
--
SET NAMES 'utf8';

DROP DATABASE IF EXISTS car_rental;

CREATE DATABASE car_rental
	CHARACTER SET utf8mb4
	COLLATE utf8mb4_hungarian_ci;

--
-- Set default database
--
USE car_rental;

--
-- Create table `users`
--
CREATE TABLE users (
  id BIGINT(20) UNSIGNED NOT NULL AUTO_INCREMENT,
  name VARCHAR(255) NOT NULL,
  email VARCHAR(255) NOT NULL,
  email_verified_at TIMESTAMP NULL DEFAULT NULL,
  password VARCHAR(255) NOT NULL,
  is_admin TINYINT(1) NOT NULL DEFAULT 0,
  remember_token VARCHAR(100) DEFAULT NULL,
  created_at TIMESTAMP NULL DEFAULT NULL,
  updated_at TIMESTAMP NULL DEFAULT NULL,
  PRIMARY KEY (id)
)
ENGINE = INNODB,
AUTO_INCREMENT = 4,
AVG_ROW_LENGTH = 5461,
CHARACTER SET utf8mb4,
COLLATE utf8mb4_unicode_ci,
ROW_FORMAT = DYNAMIC;

--
-- Create index `users_email_unique` on table `users`
--
ALTER TABLE users 
  ADD UNIQUE INDEX users_email_unique(email);

--
-- Create table `cars`
--
CREATE TABLE cars (
  id INT(11) NOT NULL AUTO_INCREMENT,
  plate_number VARCHAR(50) NOT NULL,
  owner VARCHAR(100) NOT NULL,
  model VARCHAR(50) NOT NULL,
  make VARCHAR(50) NOT NULL,
  performance INT(11) NOT NULL,
  PRIMARY KEY (id),
  UNIQUE INDEX UK_cars_id(id)
)
ENGINE = INNODB,
AUTO_INCREMENT = 105,
AVG_ROW_LENGTH = 160,
CHARACTER SET utf8mb4,
COLLATE utf8mb4_hungarian_ci,
ROW_FORMAT = DYNAMIC;

--
-- Create table `rentals`
--
CREATE TABLE rentals (
  id INT(11) NOT NULL AUTO_INCREMENT,
  car_id INT(11) DEFAULT NULL,
  start_date DATE DEFAULT NULL,
  end_date DATE DEFAULT NULL,
  user_id BIGINT(20) UNSIGNED DEFAULT NULL,
  PRIMARY KEY (id)
)
ENGINE = INNODB,
AUTO_INCREMENT = 1006,
AVG_ROW_LENGTH = 682,
CHARACTER SET utf8mb4,
COLLATE utf8mb4_hungarian_ci,
ROW_FORMAT = DYNAMIC;

--
-- Create foreign key
--
ALTER TABLE rentals 
  ADD CONSTRAINT FK_rentals_car_id2 FOREIGN KEY (car_id)
    REFERENCES cars(id) ON DELETE CASCADE;

--
-- Create foreign key
--
ALTER TABLE rentals 
  ADD CONSTRAINT FK_rentals_user_id FOREIGN KEY (user_id)
    REFERENCES users(id) ON DELETE NO ACTION;

--
-- Create table `personal_access_tokens`
--
CREATE TABLE personal_access_tokens (
  id BIGINT(20) UNSIGNED NOT NULL AUTO_INCREMENT,
  tokenable_type VARCHAR(255) NOT NULL,
  tokenable_id BIGINT(20) UNSIGNED NOT NULL,
  name VARCHAR(255) NOT NULL,
  token VARCHAR(64) NOT NULL,
  abilities TEXT DEFAULT NULL,
  last_used_at TIMESTAMP NULL DEFAULT NULL,
  expires_at TIMESTAMP NULL DEFAULT NULL,
  created_at TIMESTAMP NULL DEFAULT NULL,
  updated_at TIMESTAMP NULL DEFAULT NULL,
  PRIMARY KEY (id)
)
ENGINE = INNODB,
AUTO_INCREMENT = 9,
AVG_ROW_LENGTH = 3276,
CHARACTER SET utf8mb4,
COLLATE utf8mb4_unicode_ci,
ROW_FORMAT = DYNAMIC;

--
-- Create index `personal_access_tokens_token_unique` on table `personal_access_tokens`
--
ALTER TABLE personal_access_tokens 
  ADD UNIQUE INDEX personal_access_tokens_token_unique(token);

--
-- Create index `personal_access_tokens_tokenable_type_tokenable_id_index` on table `personal_access_tokens`
--
ALTER TABLE personal_access_tokens 
  ADD INDEX personal_access_tokens_tokenable_type_tokenable_id_index(tokenable_type, tokenable_id);

--
-- Create table `password_reset_tokens`
--
CREATE TABLE password_reset_tokens (
  email VARCHAR(255) NOT NULL,
  token VARCHAR(255) NOT NULL,
  created_at TIMESTAMP NULL DEFAULT NULL,
  PRIMARY KEY (email)
)
ENGINE = INNODB,
CHARACTER SET utf8mb4,
COLLATE utf8mb4_unicode_ci,
ROW_FORMAT = DYNAMIC;

--
-- Create table `migrations`
--
CREATE TABLE migrations (
  id INT(10) UNSIGNED NOT NULL AUTO_INCREMENT,
  migration VARCHAR(255) NOT NULL,
  batch INT(11) NOT NULL,
  PRIMARY KEY (id)
)
ENGINE = INNODB,
AUTO_INCREMENT = 5,
AVG_ROW_LENGTH = 4096,
CHARACTER SET utf8mb4,
COLLATE utf8mb4_unicode_ci,
ROW_FORMAT = DYNAMIC;

--
-- Create table `failed_jobs`
--
CREATE TABLE failed_jobs (
  id BIGINT(20) UNSIGNED NOT NULL AUTO_INCREMENT,
  uuid VARCHAR(255) NOT NULL,
  `connection` TEXT NOT NULL,
  queue TEXT NOT NULL,
  payload LONGTEXT NOT NULL,
  exception LONGTEXT NOT NULL,
  failed_at TIMESTAMP NOT NULL DEFAULT current_timestamp(),
  PRIMARY KEY (id)
)
ENGINE = INNODB,
CHARACTER SET utf8mb4,
COLLATE utf8mb4_unicode_ci,
ROW_FORMAT = DYNAMIC;

--
-- Create index `failed_jobs_uuid_unique` on table `failed_jobs`
--
ALTER TABLE failed_jobs 
  ADD UNIQUE INDEX failed_jobs_uuid_unique(uuid);

-- 
-- Dumping data for table users
--
INSERT INTO users VALUES
(1, 'Gipsz Jakab', 'gipsy@gmail.com', NULL, '$2y$10$5CuU0TA6JM1m3ky03.4xpuzhuVK6m95KJNMf8VFdPrw2QdMmiBhY2', 0, NULL, '2024-05-14 14:01:06', '2024-05-14 14:01:06'),
(2, 'Makk Márton', 'makkmarci@gmail.com', NULL, '$2y$10$zY52PhLRmvfnM.bx7bEiGOIDsXCVIJywY1K.phHHQoCl34zNPxaN6', 1, NULL, '2024-05-14 14:56:19', '2024-05-14 14:56:19'),
(3, 'Szem Eszter', 'esztike@gmail.com', NULL, '$2y$10$7.dGhxnensYQj76dBvRp0.0ocG1FQjKG4fDCehP2FNKPfdtVCuT3K', 0, NULL, '2024-05-21 13:58:16', '2024-05-21 13:58:16');

-- 
-- Dumping data for table cars
--
INSERT INTO cars VALUES
(3, 'WO-OL-821', 'Kayne Tuddall', 'F430', 'Ferrari', 196),
(4, 'PI-YJ-962', 'Crista Gasnoll', 'Esprit', 'Lotus', 315),
(5, 'LU-AK-427', 'Skippy Vagg', 'S-Class', 'Mercedes-Benz', 488),
(6, 'DA-JL-033', 'Jasmin Jagiela', 'Cirrus', 'Chrysler', 87),
(7, 'LG-HA-729', 'Sanford Kibbe', 'Firefly', 'Pontiac', 177),
(8, 'TK-XS-140', 'Thor Cadell', 'S40', 'Volvo', 478),
(9, 'MK-ML-353', 'Boone Akhurst', 'S4', 'Audi', 245),
(11, 'QJ-SC-561', 'Thorvald Amber', 'S-Series', 'Saturn', 316),
(12, 'TE-NR-639', 'Ky Cass', 'Sierra', 'GMC', 157),
(13, 'QV-RE-367', 'Rab Stockell', 'S-Series', 'Saturn', 231),
(14, 'DP-EY-976', 'Frank Amyes', 'Five Hundred', 'Ford', 337),
(15, 'KZ-SA-734', 'Mahala Speak', 'Storm', 'Geo', 149),
(16, 'QF-WV-091', 'Marketa Lawn', 'Pajero', 'Mitsubishi', 375),
(17, 'BC-FX-661', 'Merrick Bellringer', 'Catera', 'Cadillac', 360),
(18, 'ZU-ZD-143', 'Sheela Piscot', '3500', 'Chevrolet', 348),
(19, 'HH-KL-957', 'Upton Sinfield', 'Ram Van 2500', 'Dodge', 140),
(20, 'PK-HQ-358', 'Dorolice Frankel', 'Mariner', 'Mercury', 142),
(21, 'DF-TL-863', 'Adam Bendson', 'Enclave', 'Buick', 500),
(22, 'ZL-TD-751', 'Mimi Bendelow', 'F450', 'Ford', 188),
(23, 'UY-OP-363', 'Ludovico Antognetti', 'Yukon XL 2500', 'GMC', 147),
(24, 'PH-HB-613', 'Corey Kerrod', 'B-Series Plus', 'Mazda', 263),
(25, 'DZ-BB-176', 'Sebastian Rubenczyk', 'Imperial', 'Chrysler', 454),
(26, 'EB-LD-114', 'Tynan Revance', '164', 'Alfa Romeo', 282),
(27, 'OS-IE-654', 'Dyna Auguste', 'Prelude', 'Honda', 202),
(28, 'ER-TA-198', 'Ben Porson', 'Grand Prix', 'Pontiac', 51),
(29, 'NX-NB-467', 'Andriana Roma', 'Grand Prix Turbo', 'Pontiac', 316),
(30, 'ON-YR-034', 'Stace Haynesford', 'XK', 'Jaguar', 387),
(31, 'SG-WC-051', 'Gus Brownett', 'Sierra 2500', 'GMC', 185),
(32, 'EN-EW-707', 'Marquita Tregear', 'Turbo Firefly', 'Pontiac', 86),
(33, 'RM-SU-334', 'Katrine Malt', 'Solstice', 'Pontiac', 441),
(34, 'CN-TD-748', 'Jerome Baldoni', 'Explorer Sport Trac', 'Ford', 334),
(35, 'UL-ZB-895', 'Franklin Poyner', 'Viper', 'Dodge', 62),
(36, 'GJ-JM-110', 'Laurence Gisbey', 'Vandura 3500', 'GMC', 131),
(37, 'RY-KD-613', 'Ellery Eschalotte', '530', 'BMW', 252),
(38, 'HZ-KO-199', 'Maurits Komorowski', 'X6 M', 'BMW', 435),
(39, 'ON-FA-538', 'Nikaniki Redhouse', 'DB9', 'Aston Martin', 378),
(40, 'MY-ZY-397', 'Cherri Coey', 'Durango', 'Dodge', 323),
(41, 'FO-EO-074', 'Benjamin Waszkiewicz', 'VUE', 'Saturn', 356),
(42, 'TL-EO-461', 'Bentley Sousa', 'Eurovan', 'Volkswagen', 305),
(43, 'DO-ZU-645', 'Gerry Nann', 'MPV', 'Mazda', 222),
(44, 'LD-PB-832', 'Ursala Rickhuss', 'Murano', 'Nissan', 370),
(45, 'ZE-KH-425', 'Korrie McLoughlin', 'del Sol', 'Honda', 107),
(46, 'MF-EB-550', 'Bjorn Novis', 'V8 Vantage', 'Aston Martin', 486),
(47, 'IO-WD-096', 'Laurene Longson', 'Integra', 'Acura', 179),
(48, 'CM-QX-070', 'Alejandro Beckey', 'Taurus', 'Ford', 122),
(49, 'OJ-PF-340', 'Leeanne McDirmid', 'Diamante', 'Mitsubishi', 88),
(50, 'ZO-HV-347', 'Alessandro Gager', 'Xtra', 'Toyota', 314),
(51, 'SX-TU-907', 'Terry Alloway', 'Catera', 'Cadillac', 253),
(52, 'CB-IM-189', 'Leelah Jakoub', 'Sunbird', 'Pontiac', 280),
(53, 'RQ-YW-664', 'Leontine Matt', 'M3', 'BMW', 270),
(54, 'XD-CL-492', 'Wilow Van Oord', 'Explorer', 'Ford', 190),
(55, 'ST-SO-759', 'Dudley Millmoe', 'Outlook', 'Saturn', 470),
(56, 'PS-FU-659', 'Kiley Iacabucci', 'GS', 'Lexus', 193),
(57, 'XW-PY-736', 'Winni Dinis', 'Caravan', 'Dodge', 284),
(58, 'YV-DG-413', 'Simonette Cady', 'SRX', 'Cadillac', 211),
(59, 'IY-LE-517', 'Augy Jozwicki', 'GTI', 'Volkswagen', 440),
(60, 'JN-AZ-118', 'Andee Robertsson', 'Matrix', 'Toyota', 452),
(61, 'AJ-PO-151', 'Ivette Kopisch', 'VehiCROSS', 'Isuzu', 363),
(62, 'XT-QB-413', 'Darin Giggie', 'Bronco II', 'Ford', 475),
(63, 'HP-FE-601', 'Salomone Lorenc', 'Astro', 'Chevrolet', 358),
(64, 'CP-TZ-370', 'Lydia Boeter', 'Malibu', 'Chevrolet', 310),
(65, 'GQ-GL-107', 'Bliss Brend', '6000', 'Pontiac', 441),
(66, 'UU-NA-813', 'Beatriz Kendred', 'M', 'BMW', 396),
(67, 'VA-HX-812', 'Avery Mathely', 'Neon', 'Dodge', 251),
(68, 'PU-UF-223', 'Liliane Lidden', 'Suburban 2500', 'Chevrolet', 320),
(69, 'YT-TD-779', 'Alvina Wehden', 'XF', 'Jaguar', 476),
(70, 'AO-ET-297', 'Stoddard Hasselby', 'Legacy', 'Subaru', 120),
(71, 'FI-EY-761', 'Cori Faraker', 'Rally Wagon G2500', 'GMC', 149),
(72, 'WN-GQ-659', 'Ardys Gergler', 'Continental Flying Spur', 'Bentley', 218),
(73, 'ZE-JF-283', 'Loreen Gerran', 'Escalade EXT', 'Cadillac', 322),
(74, 'ZV-VR-735', 'Darnell Cosgriff', 'Passat', 'Volkswagen', 82),
(75, 'DJ-BX-001', 'Hadlee Keer', 'Cayenne', 'Porsche', 379),
(76, 'AS-OZ-452', 'Robbie Lidgley', 'G25', 'Infiniti', 110),
(77, 'FQ-KN-214', 'Kailey Kruszelnicki', 'Liberty', 'Jeep', 80),
(78, 'PE-SF-809', 'Rubetta Kneeland', 'Arnage', 'Bentley', 306),
(79, 'EE-RO-661', 'Curtice Aiston', '7 Series', 'BMW', 354),
(80, 'LQ-TG-316', 'Tiphani Gripton', 'Coachbuilder', 'Buick', 232),
(81, 'YZ-WZ-265', 'Gweneth Gingold', 'Focus', 'Ford', 315),
(82, 'GW-QY-278', 'Cymbre Moat', 'Tercel', 'Toyota', 317),
(83, 'FM-AV-547', 'Sela Haslock(e)', 'Mazda6', 'Mazda', 375),
(84, 'WY-IB-654', 'Bradan Lilian', 'Altima', 'Nissan', 484),
(85, 'ED-OW-912', 'Gusti Bradford', 'Grand Marquis', 'Mercury', 443),
(86, 'WO-QS-525', 'Carson Manley', 'Grand Prix', 'Pontiac', 366),
(87, 'HU-QW-220', 'Emalee Baglan', 'Safari', 'Pontiac', 208),
(88, 'AX-EX-143', 'Allsun Heinecke', 'Taurus', 'Ford', 207),
(89, 'EJ-OV-930', 'Yule Wheeldon', 'E-Class', 'Mercedes-Benz', 338),
(90, 'UY-HN-958', 'Karlen Sandford', 'Pajero', 'Mitsubishi', 367),
(91, 'SE-GJ-933', 'Ilise Lowndsborough', 'Jetta', 'Volkswagen', 109),
(92, 'SK-ZO-817', 'Clerc Kenworthy', 'PT Cruiser', 'Chrysler', 449),
(93, 'XR-UB-895', 'Aluin Fallon', 'Suburban 2500', 'GMC', 371),
(94, 'YW-XT-701', 'Blisse Dubble', 'Range Rover', 'Land Rover', 471),
(95, 'YN-OA-697', 'Quintin Flockhart', 'Blazer', 'Chevrolet', 69),
(96, 'DF-VI-001', 'Chelsea Capper', 'Suburban 2500', 'Chevrolet', 459),
(97, 'OC-RW-538', 'Nikki Alvarado', '9-3', 'Saab', 56),
(98, 'QO-FF-500', 'Bennie Grant', 'SVX', 'Subaru', 368),
(99, 'DB-AC-290', 'Maynord Edeler', 'Highlander', 'Toyota', 117),
(100, 'DX-LB-692', 'Sheffie Attenburrow', 'MKX', 'Lincoln', 109),
(102, 'AB-BB-123', 'Gipsz Jakab', 'Octavia RS', 'Skoda', 321),
(103, 'AX-BB-123', 'Bárki Bátor', 'Octavia', 'Skoda', 123),
(104, 'XX-BB-123', 'Bárki Barbara', 'Octavia', 'Skoda', 123);

-- 
-- Dumping data for table rentals
--
INSERT INTO rentals VALUES
(1, 22, '2023-05-09', '2024-02-07', NULL),
(2, 35, '2023-05-09', '2024-03-09', NULL),
(3, 77, '2023-05-09', '2024-02-15', NULL),
(4, 75, '2023-05-09', '2024-01-13', NULL),
(5, 93, '2023-05-09', '2024-03-13', NULL),
(6, 88, '2023-05-08', '2024-03-03', NULL),
(7, 67, '2023-05-11', '2024-01-25', NULL),
(8, 46, '2023-05-08', '2024-01-22', NULL),
(9, 34, '2023-05-08', '2024-04-30', NULL),
(10, 70, '2023-05-08', '2024-01-10', NULL),
(11, 74, '2023-05-10', '2024-01-20', NULL),
(12, 11, '2023-05-08', '2024-03-05', NULL),
(13, 60, '2023-05-10', '2024-03-17', NULL),
(14, 98, '2023-05-08', '2024-02-13', NULL),
(15, 88, '2023-05-07', '2024-03-06', NULL),
(16, 45, '2023-05-10', '2024-01-12', NULL),
(17, 57, '2023-05-08', '2024-04-29', NULL),
(18, 34, '2023-05-08', '2024-02-27', NULL),
(19, 42, '2023-05-09', '2024-01-23', NULL),
(20, 7, '2023-05-10', '2024-03-11', NULL),
(21, 81, '2023-05-11', '2024-04-18', NULL),
(22, 71, '2023-05-11', '2024-01-21', NULL),
(23, 42, '2023-05-08', '2024-01-25', NULL),
(24, 20, '2023-05-08', '2024-01-15', NULL),
(25, 38, '2023-05-09', '2024-01-03', NULL),
(26, 4, '2023-05-11', '2024-03-03', NULL),
(27, 75, '2023-05-10', '2024-01-26', NULL),
(28, 28, '2023-05-09', '2024-04-03', NULL),
(29, 28, '2023-05-09', '2024-03-02', NULL),
(30, 9, '2023-05-08', '2024-01-07', NULL),
(31, 66, '2023-05-11', '2024-02-25', NULL),
(32, 99, '2023-05-11', '2024-01-25', NULL),
(33, 56, '2023-05-11', '2024-01-04', NULL),
(34, 55, '2023-05-11', '2024-01-05', NULL),
(35, 20, '2023-05-08', '2024-04-04', NULL),
(36, 97, '2023-05-10', '2024-03-08', NULL),
(37, 70, '2023-05-07', '2024-02-09', NULL),
(38, 14, '2023-05-11', '2024-04-10', NULL),
(39, 65, '2023-05-11', '2024-02-29', NULL),
(40, 92, '2023-05-09', '2024-02-05', NULL),
(41, 11, '2023-05-07', '2024-01-12', NULL),
(42, 65, '2023-05-10', '2024-01-13', NULL),
(43, 17, '2023-05-07', '2024-01-23', NULL),
(44, 53, '2023-05-08', '2024-01-01', NULL),
(45, 12, '2023-05-07', '2024-02-08', NULL),
(46, 39, '2023-05-09', '2024-01-27', NULL),
(47, 88, '2023-05-11', '2024-04-05', NULL),
(48, 56, '2023-05-08', '2024-02-26', NULL),
(49, 68, '2023-05-09', '2024-04-08', NULL),
(51, 5, '2023-05-07', '2024-03-20', NULL),
(52, 41, '2023-05-09', '2024-04-13', NULL),
(53, 29, '2023-05-11', '2024-04-19', NULL),
(54, 20, '2023-05-10', '2024-04-06', NULL),
(55, 81, '2023-05-09', '2024-03-10', NULL),
(56, 92, '2023-05-08', '2024-04-23', NULL),
(57, 89, '2023-05-07', '2024-03-17', NULL),
(58, 53, '2023-05-11', '2024-01-17', NULL),
(59, 23, '2023-05-07', '2024-02-04', NULL),
(60, 99, '2023-05-11', '2024-02-22', NULL),
(61, 98, '2023-05-10', '2024-02-14', NULL),
(62, 54, '2023-05-08', '2024-02-25', NULL),
(63, 47, '2023-05-07', '2024-01-12', NULL),
(64, 29, '2023-05-10', '2024-02-16', NULL),
(65, 23, '2023-05-07', '2024-04-24', NULL),
(66, 97, '2023-05-10', '2024-01-20', NULL),
(67, 90, '2023-05-08', '2024-03-15', NULL),
(68, 21, '2023-05-07', '2024-01-11', NULL),
(69, 91, '2023-05-09', '2024-03-02', NULL),
(70, 14, '2023-05-10', '2024-02-18', NULL),
(71, 98, '2023-05-07', '2024-02-10', NULL),
(72, 13, '2023-05-08', '2024-04-23', NULL),
(73, 32, '2023-05-08', '2024-01-05', NULL),
(74, 12, '2023-05-09', '2024-02-05', NULL),
(75, 27, '2023-05-07', '2024-04-23', NULL),
(76, 89, '2023-05-09', '2024-02-23', NULL),
(77, 95, '2023-05-07', '2024-01-13', NULL),
(78, 6, '2023-05-09', '2024-03-17', NULL),
(79, 16, '2023-05-10', '2024-03-13', NULL),
(80, 81, '2023-05-08', '2024-04-12', NULL),
(81, 19, '2023-05-07', '2024-04-23', NULL),
(82, 61, '2023-05-10', '2024-03-07', NULL),
(83, 22, '2023-05-07', '2024-03-10', NULL),
(84, 62, '2023-05-11', '2024-01-28', NULL),
(85, 54, '2023-05-09', '2024-01-17', NULL),
(86, 18, '2023-05-10', '2024-01-28', NULL),
(87, 94, '2023-05-08', '2024-03-24', NULL),
(88, 57, '2023-05-10', '2024-03-04', NULL),
(89, 88, '2023-05-09', '2024-03-17', NULL),
(90, 37, '2023-05-10', '2024-04-05', NULL),
(91, 84, '2023-05-09', '2024-03-18', NULL),
(92, 65, '2023-05-11', '2024-04-17', NULL),
(93, 80, '2023-05-09', '2024-03-20', NULL),
(94, 37, '2023-05-07', '2024-04-29', NULL),
(95, 55, '2023-05-09', '2024-03-30', NULL),
(96, 92, '2023-05-08', '2024-04-26', NULL),
(97, 39, '2023-05-07', '2024-01-12', NULL),
(98, 52, '2023-05-09', '2024-04-02', NULL),
(99, 86, '2023-05-07', '2024-01-07', NULL),
(101, 15, '2023-05-11', '2024-04-18', NULL),
(102, 57, '2023-05-11', '2024-04-11', NULL),
(103, 83, '2023-05-08', '2024-02-27', NULL),
(104, 40, '2023-05-08', '2024-01-22', NULL),
(105, 76, '2023-05-11', '2024-04-29', NULL),
(106, 57, '2023-05-09', '2024-02-02', NULL),
(107, 46, '2023-05-09', '2024-03-18', NULL),
(108, 36, '2023-05-09', '2024-04-22', NULL),
(109, 34, '2023-05-10', '2024-04-22', NULL),
(110, 33, '2023-05-11', '2024-01-24', NULL),
(111, 70, '2023-05-10', '2024-03-04', NULL),
(112, 24, '2023-05-10', '2024-02-25', NULL),
(113, 65, '2023-05-10', '2024-01-20', NULL),
(114, 46, '2023-05-07', '2024-02-07', NULL),
(115, 15, '2023-05-11', '2024-02-10', NULL),
(116, 71, '2023-05-11', '2024-02-10', NULL),
(117, 77, '2023-05-10', '2024-03-08', NULL),
(118, 88, '2023-05-11', '2024-03-03', NULL),
(119, 42, '2023-05-08', '2024-02-25', NULL),
(120, 98, '2023-05-11', '2024-04-23', NULL),
(121, 23, '2023-05-09', '2024-02-04', NULL),
(122, 35, '2023-05-11', '2024-03-13', NULL),
(123, 42, '2023-05-10', '2024-01-17', NULL),
(124, 60, '2023-05-08', '2024-01-24', NULL),
(125, 95, '2023-05-10', '2024-04-29', NULL),
(126, 94, '2023-05-09', '2024-02-03', NULL),
(127, 78, '2023-05-08', '2024-03-06', NULL),
(128, 65, '2023-05-08', '2024-04-04', NULL),
(129, 92, '2023-05-08', '2024-03-11', NULL),
(130, 84, '2023-05-11', '2024-02-19', NULL),
(131, 53, '2023-05-11', '2024-01-05', NULL),
(132, 65, '2023-05-09', '2024-01-28', NULL),
(133, 67, '2023-05-10', '2024-01-14', NULL),
(134, 99, '2023-05-08', '2024-02-04', NULL),
(135, 35, '2023-05-08', '2024-04-22', NULL),
(137, 46, '2023-05-07', '2024-01-06', NULL),
(138, 31, '2023-05-07', '2024-02-19', NULL),
(139, 62, '2023-05-08', '2024-01-12', NULL),
(140, 20, '2023-05-08', '2024-04-05', NULL),
(141, 35, '2023-05-11', '2024-01-04', NULL),
(142, 67, '2023-05-09', '2024-02-18', NULL),
(143, 89, '2023-05-08', '2024-01-20', NULL),
(144, 90, '2023-05-10', '2024-02-01', NULL),
(145, 49, '2023-05-10', '2024-01-22', NULL),
(146, 13, '2023-05-09', '2024-03-29', NULL),
(147, 74, '2023-05-07', '2024-04-04', NULL),
(148, 61, '2023-05-09', '2024-03-24', NULL),
(149, 89, '2023-05-07', '2024-01-09', NULL),
(150, 73, '2023-05-10', '2024-04-10', NULL),
(151, 51, '2023-05-09', '2024-03-24', NULL),
(152, 11, '2023-05-10', '2024-01-08', NULL),
(153, 39, '2023-05-10', '2024-04-26', NULL),
(154, 81, '2023-05-08', '2024-02-02', NULL),
(155, 82, '2023-05-07', '2024-04-18', NULL),
(157, 14, '2023-05-07', '2024-04-30', NULL),
(158, 93, '2023-05-08', '2024-05-01', NULL),
(160, 75, '2023-05-07', '2024-02-18', NULL),
(161, 59, '2023-05-09', '2024-04-23', NULL),
(162, 51, '2023-05-11', '2024-05-04', NULL),
(163, 93, '2023-05-08', '2024-03-10', NULL),
(164, 76, '2023-05-09', '2024-01-24', NULL),
(165, 58, '2023-05-07', '2024-01-19', NULL),
(166, 53, '2023-05-07', '2024-03-04', NULL),
(167, 86, '2023-05-10', '2024-01-09', NULL),
(169, 7, '2023-05-09', '2024-01-10', NULL),
(170, 88, '2023-05-09', '2024-03-13', NULL),
(171, 45, '2023-05-11', '2024-01-10', NULL),
(172, 53, '2023-05-08', '2024-04-03', NULL),
(173, 51, '2023-05-09', '2024-04-29', NULL),
(175, 61, '2023-05-09', '2024-04-18', NULL),
(176, 28, '2023-05-07', '2024-04-03', NULL),
(177, 51, '2023-05-07', '2024-02-29', NULL),
(178, 64, '2023-05-11', '2024-02-26', NULL),
(179, 34, '2023-05-08', '2024-02-29', NULL),
(180, 90, '2023-05-07', '2024-01-05', NULL),
(181, 53, '2023-05-09', '2024-01-23', NULL),
(182, 17, '2023-05-07', '2024-04-24', NULL),
(183, 55, '2023-05-11', '2024-03-01', NULL),
(184, 52, '2023-05-07', '2024-02-26', NULL),
(185, 72, '2023-05-09', '2024-01-21', NULL),
(186, 78, '2023-05-09', '2024-02-25', NULL),
(187, 58, '2023-05-09', '2024-03-13', NULL),
(188, 100, '2023-05-07', '2024-01-09', NULL),
(189, 62, '2023-05-11', '2024-02-22', NULL),
(190, 92, '2023-05-11', '2024-02-02', NULL),
(191, 99, '2023-05-07', '2024-01-10', NULL),
(192, 83, '2023-05-11', '2024-04-04', NULL),
(193, 56, '2023-05-10', '2024-03-19', NULL),
(194, 5, '2023-05-08', '2024-01-09', NULL),
(195, 14, '2023-05-08', '2024-04-05', NULL),
(196, 17, '2023-05-09', '2024-03-08', NULL),
(197, 66, '2023-05-11', '2024-03-15', NULL),
(198, 85, '2023-05-10', '2024-03-03', NULL),
(199, 74, '2023-05-09', '2024-03-29', NULL),
(200, 100, '2023-05-11', '2024-01-16', NULL),
(201, 49, '2023-05-08', '2024-03-22', NULL),
(202, 42, '2023-05-10', '2024-03-10', NULL),
(203, 91, '2023-05-07', '2024-04-07', NULL),
(204, 18, '2023-05-08', '2024-02-06', NULL),
(205, 15, '2023-05-10', '2024-01-08', NULL),
(206, 39, '2023-05-08', '2024-04-27', NULL),
(207, 41, '2023-05-09', '2024-03-11', NULL),
(208, 48, '2023-05-08', '2024-05-04', NULL),
(209, 44, '2023-05-10', '2024-02-01', NULL),
(210, 79, '2023-05-07', '2024-04-22', NULL),
(211, 28, '2023-05-08', '2024-04-20', NULL),
(212, 52, '2023-05-10', '2024-02-14', NULL),
(213, 93, '2023-05-07', '2024-01-06', NULL),
(214, 65, '2023-05-09', '2024-04-16', NULL),
(215, 38, '2023-05-08', '2024-05-03', NULL),
(216, 8, '2023-05-08', '2024-03-15', NULL),
(217, 62, '2023-05-10', '2024-03-06', NULL),
(218, 89, '2023-05-09', '2024-01-20', NULL),
(219, 54, '2023-05-10', '2024-01-21', NULL),
(220, 79, '2023-05-09', '2024-01-21', NULL),
(221, 42, '2023-05-07', '2024-02-14', NULL),
(222, 36, '2023-05-07', '2024-01-06', NULL),
(223, 74, '2023-05-11', '2024-04-18', NULL),
(224, 69, '2023-05-09', '2024-04-20', NULL),
(226, 57, '2023-05-10', '2024-03-13', NULL),
(227, 60, '2023-05-10', '2024-02-03', NULL),
(228, 69, '2023-05-11', '2024-01-10', NULL),
(229, 30, '2023-05-11', '2024-01-27', NULL),
(230, 35, '2023-05-09', '2024-02-25', NULL),
(231, 9, '2023-05-11', '2024-02-12', NULL),
(232, 15, '2023-05-09', '2024-04-24', NULL),
(234, 7, '2023-05-11', '2024-03-08', NULL),
(235, 21, '2023-05-11', '2024-02-19', NULL),
(236, 56, '2023-05-10', '2024-04-26', NULL),
(237, 57, '2023-05-08', '2024-01-01', NULL),
(238, 20, '2023-05-10', '2024-02-04', NULL),
(239, 17, '2023-05-07', '2024-01-09', NULL),
(240, 19, '2023-05-09', '2024-05-04', NULL),
(241, 32, '2023-05-07', '2024-02-12', NULL),
(242, 70, '2023-05-10', '2024-01-08', NULL),
(243, 42, '2023-05-11', '2024-02-11', NULL),
(244, 4, '2023-05-11', '2024-02-06', NULL),
(245, 3, '2023-05-07', '2024-03-24', NULL),
(246, 85, '2023-05-07', '2024-03-08', NULL),
(247, 34, '2023-05-07', '2024-04-07', NULL),
(248, 25, '2023-05-11', '2024-02-26', NULL),
(249, 66, '2023-05-07', '2024-01-17', NULL),
(250, 43, '2023-05-11', '2024-01-02', NULL),
(251, 23, '2023-05-09', '2024-03-18', NULL),
(252, 20, '2023-05-09', '2024-04-28', NULL),
(253, 82, '2023-05-08', '2024-02-18', NULL),
(254, 83, '2023-05-07', '2024-01-08', NULL),
(255, 12, '2023-05-10', '2024-03-20', NULL),
(256, 32, '2023-05-11', '2024-01-03', NULL),
(257, 86, '2023-05-09', '2024-04-14', NULL),
(258, 59, '2023-05-08', '2024-02-15', NULL),
(259, 83, '2023-05-11', '2024-02-27', NULL),
(260, 75, '2023-05-08', '2024-02-06', NULL),
(261, 9, '2023-05-07', '2024-02-24', NULL),
(262, 4, '2023-05-09', '2024-02-15', NULL),
(263, 71, '2023-05-08', '2024-04-29', NULL),
(264, 17, '2023-05-07', '2024-03-12', NULL),
(265, 17, '2023-05-09', '2024-04-26', NULL),
(266, 88, '2023-05-08', '2024-02-14', NULL),
(267, 79, '2023-05-08', '2024-02-02', NULL),
(268, 42, '2023-05-09', '2024-04-18', NULL),
(269, 54, '2023-05-09', '2024-02-25', NULL),
(270, 85, '2023-05-07', '2024-03-27', NULL),
(271, 28, '2023-05-10', '2024-04-15', NULL),
(272, 95, '2023-05-09', '2024-04-29', NULL),
(273, 42, '2023-05-09', '2024-02-23', NULL),
(274, 35, '2023-05-09', '2024-02-18', NULL),
(275, 13, '2023-05-10', '2024-04-29', NULL),
(276, 75, '2023-05-08', '2024-01-16', NULL),
(277, 67, '2023-05-08', '2024-03-03', NULL),
(278, 94, '2023-05-09', '2024-01-12', NULL),
(279, 98, '2023-05-07', '2024-01-31', NULL),
(280, 31, '2023-05-11', '2024-03-23', NULL),
(281, 20, '2023-05-10', '2024-01-19', NULL),
(282, 77, '2023-05-07', '2024-02-28', NULL),
(283, 96, '2023-05-09', '2024-01-25', NULL),
(284, 62, '2023-05-07', '2024-02-25', NULL),
(285, 95, '2023-05-10', '2024-04-05', NULL),
(286, 61, '2023-05-10', '2024-04-29', NULL),
(287, 43, '2023-05-10', '2024-01-27', NULL),
(288, 6, '2023-05-09', '2024-04-09', NULL),
(289, 60, '2023-05-11', '2024-01-11', NULL),
(290, 93, '2023-05-10', '2024-02-11', NULL),
(291, 61, '2023-05-07', '2024-03-02', NULL),
(292, 99, '2023-05-11', '2024-05-01', NULL),
(293, 36, '2023-05-07', '2024-02-24', NULL),
(294, 23, '2023-05-08', '2024-01-14', NULL),
(295, 48, '2023-05-11', '2024-02-14', NULL),
(296, 5, '2023-05-08', '2024-04-24', NULL),
(297, 68, '2023-05-08', '2024-01-31', NULL),
(298, 58, '2023-05-07', '2024-01-05', NULL),
(299, 63, '2023-05-10', '2024-02-07', NULL),
(300, 100, '2023-05-11', '2024-01-26', NULL),
(301, 32, '2023-05-07', '2024-04-13', NULL),
(302, 44, '2023-05-11', '2024-04-09', NULL),
(303, 60, '2023-05-07', '2024-03-22', NULL),
(304, 79, '2023-05-11', '2024-02-23', NULL),
(305, 50, '2023-05-11', '2024-04-29', NULL),
(306, 51, '2023-05-08', '2024-04-28', NULL),
(307, 48, '2023-05-10', '2024-04-18', NULL),
(308, 93, '2023-05-07', '2024-04-06', NULL),
(309, 93, '2023-05-10', '2024-01-13', NULL),
(310, 70, '2023-05-09', '2024-01-25', NULL),
(311, 41, '2023-05-09', '2024-02-18', NULL),
(312, 69, '2023-05-09', '2024-04-28', NULL),
(313, 42, '2023-05-10', '2024-04-17', NULL),
(314, 92, '2023-05-07', '2024-03-17', NULL),
(315, 42, '2023-05-11', '2024-02-10', NULL),
(316, 62, '2023-05-08', '2024-01-19', NULL),
(317, 84, '2023-05-08', '2024-01-19', NULL),
(318, 63, '2023-05-10', '2024-04-17', NULL),
(319, 74, '2023-05-09', '2024-03-08', NULL),
(320, 77, '2023-05-08', '2024-02-10', NULL),
(321, 82, '2023-05-11', '2024-01-13', NULL),
(322, 51, '2023-05-10', '2024-01-30', NULL),
(323, 97, '2023-05-09', '2024-03-11', NULL),
(324, 43, '2023-05-08', '2024-04-20', NULL),
(325, 27, '2023-05-11', '2024-02-18', NULL),
(326, 49, '2023-05-11', '2024-03-21', NULL),
(327, 18, '2023-05-11', '2024-03-28', NULL),
(328, 92, '2023-05-10', '2024-01-03', NULL),
(329, 86, '2023-05-10', '2024-01-31', NULL),
(330, 15, '2023-05-10', '2024-02-25', NULL),
(331, 13, '2023-05-07', '2024-04-15', NULL),
(332, 5, '2023-05-08', '2024-05-06', NULL),
(333, 94, '2023-05-08', '2024-01-12', NULL),
(334, 8, '2023-05-10', '2024-02-05', NULL),
(335, 59, '2023-05-07', '2024-03-06', NULL),
(336, 99, '2023-05-11', '2024-01-05', NULL),
(337, 92, '2023-05-11', '2024-02-23', NULL),
(338, 55, '2023-05-09', '2024-01-25', NULL),
(339, 76, '2023-05-10', '2024-02-18', NULL),
(340, 26, '2023-05-10', '2024-03-13', NULL),
(341, 84, '2023-05-07', '2024-03-05', NULL),
(342, 12, '2023-05-11', '2024-04-26', NULL),
(343, 78, '2023-05-08', '2024-01-26', NULL),
(344, 40, '2023-05-08', '2024-01-03', NULL),
(345, 69, '2023-05-08', '2024-04-23', NULL),
(346, 70, '2023-05-10', '2024-01-23', NULL),
(347, 21, '2023-05-08', '2024-02-13', NULL),
(348, 47, '2023-05-08', '2024-02-14', NULL),
(349, 53, '2023-05-10', '2024-04-26', NULL),
(350, 53, '2023-05-09', '2024-02-01', NULL),
(351, 31, '2023-05-08', '2024-03-17', NULL),
(352, 94, '2023-05-09', '2024-03-19', NULL),
(353, 83, '2023-05-07', '2024-02-05', NULL),
(354, 73, '2023-05-10', '2024-05-02', NULL),
(355, 32, '2023-05-09', '2024-04-09', NULL),
(356, 43, '2023-05-08', '2024-01-12', NULL),
(357, 67, '2023-05-11', '2024-02-09', NULL),
(358, 50, '2023-05-08', '2024-04-02', NULL),
(359, 34, '2023-05-07', '2024-01-09', NULL),
(360, 15, '2023-05-09', '2024-03-27', NULL),
(361, 69, '2023-05-08', '2024-01-20', NULL),
(362, 39, '2023-05-07', '2024-02-21', NULL),
(363, 83, '2023-05-11', '2024-02-20', NULL),
(364, 55, '2023-05-09', '2024-01-19', NULL),
(365, 53, '2023-05-09', '2024-03-22', NULL),
(366, 45, '2023-05-10', '2024-03-14', NULL),
(367, 9, '2023-05-09', '2024-03-28', NULL),
(368, 4, '2023-05-07', '2024-01-12', NULL),
(369, 70, '2023-05-08', '2024-01-04', NULL),
(370, 80, '2023-05-07', '2024-04-17', NULL),
(371, 83, '2023-05-11', '2024-03-02', NULL),
(372, 75, '2023-05-08', '2024-01-01', NULL),
(373, 42, '2023-05-10', '2024-02-14', NULL),
(374, 78, '2023-05-09', '2024-03-22', NULL),
(375, 54, '2023-05-10', '2024-03-19', NULL),
(376, 34, '2023-05-11', '2024-01-02', NULL),
(377, 46, '2023-05-08', '2024-02-16', NULL),
(378, 53, '2023-05-08', '2024-05-06', NULL),
(379, 53, '2023-05-08', '2024-05-02', NULL),
(380, 53, '2023-05-10', '2024-01-13', NULL),
(381, 25, '2023-05-09', '2024-01-17', NULL),
(382, 72, '2023-05-07', '2024-05-03', NULL),
(383, 38, '2023-05-07', '2024-01-15', NULL),
(384, 26, '2023-05-09', '2024-01-30', NULL),
(385, 25, '2023-05-09', '2024-02-04', NULL),
(386, 97, '2023-05-10', '2024-02-16', NULL),
(387, 57, '2023-05-11', '2024-04-10', NULL),
(388, 86, '2023-05-09', '2024-05-03', NULL),
(389, 21, '2023-05-08', '2024-03-13', NULL),
(390, 49, '2023-05-08', '2024-02-23', NULL),
(391, 62, '2023-05-10', '2024-03-04', NULL),
(392, 52, '2023-05-11', '2024-04-12', NULL),
(393, 11, '2023-05-07', '2024-04-24', NULL),
(394, 7, '2023-05-11', '2024-03-18', NULL),
(395, 3, '2023-05-07', '2024-02-09', NULL),
(396, 44, '2023-05-07', '2024-04-18', NULL),
(397, 78, '2023-05-09', '2024-03-25', NULL),
(398, 15, '2023-05-08', '2024-04-16', NULL),
(399, 41, '2023-05-07', '2024-03-23', NULL),
(400, 45, '2023-05-10', '2024-03-16', NULL),
(401, 82, '2023-05-09', '2024-03-14', NULL),
(402, 29, '2023-05-08', '2024-04-11', NULL),
(403, 72, '2023-05-10', '2024-03-05', NULL),
(404, 30, '2023-05-11', '2024-01-11', NULL),
(405, 64, '2023-05-10', '2024-03-09', NULL),
(406, 92, '2023-05-09', '2024-04-19', NULL),
(407, 66, '2023-05-09', '2024-03-20', NULL),
(408, 86, '2023-05-11', '2024-02-12', NULL),
(409, 98, '2023-05-11', '2024-02-24', NULL),
(410, 32, '2023-05-08', '2024-01-23', NULL),
(411, 65, '2023-05-07', '2024-04-18', NULL),
(412, 11, '2023-05-08', '2024-03-28', NULL),
(413, 53, '2023-05-10', '2024-02-26', NULL),
(414, 30, '2023-05-10', '2024-04-22', NULL),
(415, 54, '2023-05-10', '2024-01-28', NULL),
(416, 36, '2023-05-07', '2024-01-30', NULL),
(417, 38, '2023-05-10', '2024-01-03', NULL),
(418, 9, '2023-05-07', '2024-04-01', NULL),
(419, 98, '2023-05-11', '2024-03-29', NULL),
(420, 5, '2023-05-09', '2024-03-27', NULL),
(421, 48, '2023-05-07', '2024-02-20', NULL),
(422, 16, '2023-05-08', '2024-02-04', NULL),
(423, 58, '2023-05-11', '2024-03-12', NULL),
(424, 100, '2023-05-10', '2024-02-16', NULL),
(425, 98, '2023-05-10', '2024-01-19', NULL),
(426, 49, '2023-05-08', '2024-03-27', NULL),
(427, 97, '2023-05-10', '2024-01-03', NULL),
(428, 37, '2023-05-09', '2024-04-17', NULL),
(429, 58, '2023-05-10', '2024-02-21', NULL),
(430, 48, '2023-05-10', '2024-01-04', NULL),
(432, 68, '2023-05-10', '2024-02-24', NULL),
(433, 81, '2023-05-09', '2024-04-30', NULL),
(434, 27, '2023-05-07', '2024-05-04', NULL),
(435, 47, '2023-05-07', '2024-01-01', NULL),
(436, 41, '2023-05-09', '2024-03-14', NULL),
(437, 22, '2023-05-09', '2024-02-29', NULL),
(438, 98, '2023-05-07', '2024-04-15', NULL),
(439, 21, '2023-05-07', '2024-02-12', NULL),
(440, 18, '2023-05-09', '2024-02-03', NULL),
(441, 58, '2023-05-09', '2024-03-20', NULL),
(442, 32, '2023-05-07', '2024-04-20', NULL),
(443, 73, '2023-05-09', '2024-01-22', NULL),
(444, 69, '2023-05-11', '2024-03-22', NULL),
(445, 46, '2023-05-11', '2024-01-03', NULL),
(446, 74, '2023-05-11', '2024-03-20', NULL),
(447, 56, '2023-05-08', '2024-03-10', NULL),
(448, 18, '2023-05-11', '2024-01-20', NULL),
(449, 18, '2023-05-07', '2024-04-14', NULL),
(450, 58, '2023-05-08', '2024-03-22', NULL),
(451, 80, '2023-05-07', '2024-02-01', NULL),
(452, 96, '2023-05-08', '2024-03-12', NULL),
(453, 57, '2023-05-10', '2024-01-19', NULL),
(454, 22, '2023-05-10', '2024-02-25', NULL),
(455, 5, '2023-05-07', '2024-05-02', NULL),
(456, 33, '2023-05-07', '2024-01-22', NULL),
(457, 97, '2023-05-11', '2024-03-12', NULL),
(458, 77, '2023-05-10', '2024-03-26', NULL),
(459, 78, '2023-05-07', '2024-02-21', NULL),
(460, 35, '2023-05-09', '2024-04-04', NULL),
(461, 6, '2023-05-11', '2024-02-09', NULL),
(462, 74, '2023-05-08', '2024-02-24', NULL),
(463, 3, '2023-05-11', '2024-03-13', NULL),
(464, 17, '2023-05-09', '2024-04-09', NULL),
(465, 4, '2023-05-08', '2024-03-17', NULL),
(466, 90, '2023-05-11', '2024-03-25', NULL),
(467, 37, '2023-05-11', '2024-04-18', NULL),
(468, 28, '2023-05-08', '2024-02-22', NULL),
(469, 35, '2023-05-11', '2024-01-03', NULL),
(470, 20, '2023-05-08', '2024-03-01', NULL),
(471, 43, '2023-05-07', '2024-01-06', NULL),
(472, 39, '2023-05-11', '2024-03-17', NULL),
(473, 17, '2023-05-08', '2024-03-18', NULL),
(474, 87, '2023-05-09', '2024-03-29', NULL),
(475, 22, '2023-05-07', '2024-05-01', NULL),
(477, 43, '2023-05-07', '2024-03-21', NULL),
(478, 50, '2023-05-11', '2024-01-05', NULL),
(479, 80, '2023-05-07', '2024-01-05', NULL),
(480, 5, '2023-05-07', '2024-01-07', NULL),
(481, 63, '2023-05-11', '2024-01-20', NULL),
(482, 6, '2023-05-10', '2024-02-23', NULL),
(483, 47, '2023-05-08', '2024-02-27', NULL),
(484, 29, '2023-05-08', '2024-04-27', NULL),
(485, 79, '2023-05-08', '2024-04-10', NULL),
(486, 8, '2023-05-09', '2024-05-06', NULL),
(487, 47, '2023-05-07', '2024-04-10', NULL),
(488, 95, '2023-05-07', '2024-05-06', NULL),
(489, 87, '2023-05-09', '2024-05-05', NULL),
(490, 42, '2023-05-10', '2024-01-27', NULL),
(491, 69, '2023-05-11', '2024-02-27', NULL),
(492, 6, '2023-05-08', '2024-04-09', NULL),
(493, 83, '2023-05-11', '2024-04-12', NULL),
(494, 72, '2023-05-09', '2024-01-02', NULL),
(495, 42, '2023-05-09', '2024-01-31', NULL),
(496, 37, '2023-05-08', '2024-02-19', NULL),
(497, 87, '2023-05-07', '2024-01-06', NULL),
(498, 7, '2023-05-07', '2024-02-04', NULL),
(499, 70, '2023-05-08', '2024-03-06', NULL),
(500, 80, '2023-05-07', '2024-03-01', NULL),
(501, 64, '2023-05-07', '2024-01-21', NULL),
(502, 87, '2023-05-10', '2024-02-09', NULL),
(503, 32, '2023-05-07', '2024-01-28', NULL),
(504, 99, '2023-05-10', '2024-03-10', NULL),
(505, 45, '2023-05-07', '2024-04-06', NULL),
(506, 92, '2023-05-11', '2024-01-10', NULL),
(507, 81, '2023-05-11', '2024-02-25', NULL),
(508, 96, '2023-05-11', '2024-03-26', NULL),
(509, 41, '2023-05-10', '2024-04-13', NULL),
(510, 69, '2023-05-11', '2024-01-06', NULL),
(511, 59, '2023-05-08', '2024-04-22', NULL),
(512, 33, '2023-05-08', '2024-01-20', NULL),
(513, 40, '2023-05-09', '2024-03-19', NULL),
(514, 66, '2023-05-09', '2024-03-18', NULL),
(516, 58, '2023-05-07', '2024-03-03', NULL),
(517, 4, '2023-05-07', '2024-03-14', NULL),
(518, 31, '2023-05-09', '2024-03-14', NULL),
(519, 37, '2023-05-09', '2024-04-21', NULL),
(520, 73, '2023-05-08', '2024-02-17', NULL),
(521, 11, '2023-05-09', '2024-01-11', NULL),
(522, 31, '2023-05-11', '2024-02-20', NULL),
(523, 19, '2023-05-08', '2024-03-25', NULL),
(524, 80, '2023-05-09', '2024-02-09', NULL),
(525, 77, '2023-05-07', '2024-01-09', NULL),
(526, 87, '2023-05-10', '2024-01-14', NULL),
(527, 81, '2023-05-09', '2024-02-13', NULL),
(528, 83, '2023-05-08', '2024-03-13', NULL),
(529, 100, '2023-05-09', '2024-01-17', NULL),
(530, 43, '2023-05-09', '2024-03-26', NULL),
(531, 98, '2023-05-08', '2024-02-21', NULL),
(532, 58, '2023-05-10', '2024-03-07', NULL),
(533, 47, '2023-05-11', '2024-02-07', NULL),
(534, 39, '2023-05-07', '2024-03-28', NULL),
(535, 55, '2023-05-10', '2024-03-20', NULL),
(536, 46, '2023-05-07', '2024-02-06', NULL),
(537, 93, '2023-05-08', '2024-03-07', NULL),
(538, 26, '2023-05-09', '2024-03-12', NULL),
(539, 44, '2023-05-10', '2024-04-03', NULL),
(540, 88, '2023-05-08', '2024-02-27', NULL),
(541, 70, '2023-05-11', '2024-03-18', NULL),
(542, 16, '2023-05-10', '2024-03-02', NULL),
(543, 52, '2023-05-10', '2024-04-27', NULL),
(545, 76, '2023-05-07', '2024-02-23', NULL),
(546, 84, '2023-05-09', '2024-01-13', NULL),
(547, 53, '2023-05-10', '2024-04-10', NULL),
(548, 96, '2023-05-11', '2024-03-31', NULL),
(549, 92, '2023-05-07', '2024-03-29', NULL),
(550, 56, '2023-05-09', '2024-03-18', NULL),
(551, 9, '2023-05-11', '2024-03-01', NULL),
(552, 76, '2023-05-07', '2024-05-04', NULL),
(553, 87, '2023-05-10', '2024-02-10', NULL),
(554, 93, '2023-05-11', '2024-03-19', NULL),
(555, 32, '2023-05-11', '2024-02-03', NULL),
(556, 63, '2023-05-07', '2024-01-12', NULL),
(557, 70, '2023-05-10', '2024-01-25', NULL),
(558, 92, '2023-05-11', '2024-01-13', NULL),
(560, 36, '2023-05-08', '2024-01-12', NULL),
(561, 13, '2023-05-11', '2024-02-17', NULL),
(563, 24, '2023-05-10', '2024-03-26', NULL),
(564, 78, '2023-05-10', '2024-02-15', NULL),
(565, 31, '2023-05-09', '2024-04-30', NULL),
(566, 65, '2023-05-10', '2024-03-13', NULL),
(567, 98, '2023-05-07', '2024-04-18', NULL),
(568, 84, '2023-05-09', '2024-03-16', NULL),
(569, 79, '2023-05-08', '2024-01-07', NULL),
(570, 66, '2023-05-07', '2024-04-22', NULL),
(571, 50, '2023-05-08', '2024-03-09', NULL),
(572, 44, '2023-05-09', '2024-03-04', NULL),
(573, 11, '2023-05-09', '2024-05-01', NULL),
(574, 11, '2023-05-07', '2024-01-11', NULL),
(575, 45, '2023-05-10', '2024-04-11', NULL),
(576, 5, '2023-05-09', '2024-01-23', NULL),
(577, 46, '2023-05-10', '2024-04-01', NULL),
(578, 73, '2023-05-08', '2024-01-12', NULL),
(579, 7, '2023-05-07', '2024-04-08', NULL),
(580, 45, '2023-05-11', '2024-04-15', NULL),
(581, 55, '2023-05-10', '2024-03-12', NULL),
(582, 50, '2023-05-09', '2024-02-10', NULL),
(583, 42, '2023-05-10', '2024-04-19', NULL),
(584, 18, '2023-05-08', '2024-02-07', NULL),
(585, 93, '2023-05-10', '2024-02-11', NULL),
(586, 45, '2023-05-07', '2024-02-17', NULL),
(587, 74, '2023-05-11', '2024-02-27', NULL),
(588, 53, '2023-05-10', '2024-02-11', NULL),
(589, 57, '2023-05-07', '2024-02-26', NULL),
(590, 91, '2023-05-07', '2024-05-02', NULL),
(591, 16, '2023-05-07', '2024-02-25', NULL),
(592, 20, '2023-05-08', '2024-01-17', NULL),
(593, 88, '2023-05-09', '2024-01-22', NULL),
(594, 59, '2023-05-08', '2024-02-12', NULL),
(595, 24, '2023-05-08', '2024-03-01', NULL),
(596, 70, '2023-05-11', '2024-04-06', NULL),
(597, 9, '2023-05-11', '2024-04-10', NULL),
(598, 56, '2023-05-10', '2024-02-09', NULL),
(599, 20, '2023-05-07', '2024-01-07', NULL),
(600, 97, '2023-05-07', '2024-01-26', NULL),
(601, 54, '2023-05-09', '2024-04-20', NULL),
(602, 13, '2023-05-07', '2024-01-05', NULL),
(603, 78, '2023-05-08', '2024-04-05', NULL),
(604, 4, '2023-05-11', '2024-03-25', NULL),
(605, 78, '2023-05-10', '2024-03-04', NULL),
(606, 49, '2023-05-08', '2024-02-10', NULL),
(607, 3, '2023-05-09', '2024-01-15', NULL),
(608, 89, '2023-05-07', '2024-01-08', NULL),
(609, 23, '2023-05-11', '2024-02-19', NULL),
(610, 62, '2023-05-09', '2024-03-30', NULL),
(611, 70, '2023-05-08', '2024-04-28', NULL),
(612, 16, '2023-05-07', '2024-04-13', NULL),
(613, 88, '2023-05-08', '2024-03-01', NULL),
(614, 84, '2023-05-08', '2024-03-13', NULL),
(615, 68, '2023-05-07', '2024-04-26', NULL),
(616, 62, '2023-05-07', '2024-01-13', NULL),
(617, 98, '2023-05-11', '2024-02-04', NULL),
(618, 79, '2023-05-10', '2024-05-05', NULL),
(619, 19, '2023-05-11', '2024-02-06', NULL),
(620, 98, '2023-05-09', '2024-01-25', NULL),
(621, 47, '2023-05-08', '2024-03-04', NULL),
(622, 47, '2023-05-11', '2024-03-25', NULL),
(623, 85, '2023-05-08', '2024-03-15', NULL),
(624, 30, '2023-05-07', '2024-04-09', NULL),
(625, 3, '2023-05-11', '2024-04-13', NULL),
(626, 14, '2023-05-11', '2024-03-28', NULL),
(627, 33, '2023-05-09', '2024-03-25', NULL),
(628, 86, '2023-05-07', '2024-03-11', NULL),
(629, 13, '2023-05-07', '2024-03-26', NULL),
(630, 71, '2023-05-07', '2024-04-05', NULL),
(631, 80, '2023-05-10', '2024-04-15', NULL),
(632, 48, '2023-05-09', '2024-01-05', NULL),
(633, 82, '2023-05-11', '2024-04-09', NULL),
(634, 24, '2023-05-11', '2024-02-18', NULL),
(635, 6, '2023-05-08', '2024-01-21', NULL),
(636, 8, '2023-05-08', '2024-02-29', NULL),
(637, 53, '2023-05-11', '2024-01-28', NULL),
(638, 5, '2023-05-10', '2024-02-22', NULL),
(639, 11, '2023-05-10', '2024-03-07', NULL),
(640, 84, '2023-05-11', '2024-01-26', NULL),
(641, 69, '2023-05-09', '2024-04-11', NULL),
(642, 82, '2023-05-10', '2024-01-22', NULL),
(643, 36, '2023-05-07', '2024-02-01', NULL),
(644, 42, '2023-05-11', '2024-01-25', NULL),
(645, 42, '2023-05-08', '2024-03-19', NULL),
(646, 21, '2023-05-07', '2024-04-09', NULL),
(647, 89, '2023-05-10', '2024-04-10', NULL),
(648, 58, '2023-05-07', '2024-04-03', NULL),
(649, 52, '2023-05-11', '2024-03-23', NULL),
(650, 74, '2023-05-09', '2024-03-31', NULL),
(651, 44, '2023-05-07', '2024-01-18', NULL),
(652, 98, '2023-05-07', '2024-02-05', NULL),
(653, 5, '2023-05-09', '2024-05-06', NULL),
(654, 53, '2023-05-09', '2024-02-07', NULL),
(655, 93, '2023-05-10', '2024-03-27', NULL),
(656, 71, '2023-05-09', '2024-02-16', NULL),
(657, 14, '2023-05-09', '2024-01-09', NULL),
(658, 69, '2023-05-07', '2024-03-15', NULL),
(659, 48, '2023-05-09', '2024-03-11', NULL),
(660, 35, '2023-05-09', '2024-01-02', NULL),
(661, 17, '2023-05-07', '2024-02-01', NULL),
(662, 39, '2023-05-09', '2024-02-18', NULL),
(663, 70, '2023-05-08', '2024-04-02', NULL),
(664, 91, '2023-05-11', '2024-02-14', NULL),
(665, 38, '2023-05-07', '2024-03-15', NULL),
(666, 49, '2023-05-09', '2024-04-21', NULL),
(667, 21, '2023-05-11', '2024-01-28', NULL),
(668, 5, '2023-05-07', '2024-04-24', NULL),
(669, 57, '2023-05-09', '2024-05-03', NULL),
(671, 84, '2023-05-11', '2024-02-10', NULL),
(672, 83, '2023-05-10', '2024-03-11', NULL),
(673, 74, '2023-05-10', '2024-04-10', NULL),
(674, 93, '2023-05-11', '2024-04-29', NULL),
(675, 23, '2023-05-11', '2024-02-27', NULL),
(677, 8, '2023-05-08', '2024-01-05', NULL),
(678, 63, '2023-05-09', '2024-04-13', NULL),
(680, 43, '2023-05-07', '2024-03-11', NULL),
(681, 72, '2023-05-08', '2024-01-10', NULL),
(682, 87, '2023-05-09', '2024-03-14', NULL),
(683, 62, '2023-05-11', '2024-01-08', NULL),
(684, 72, '2023-05-08', '2024-03-31', NULL),
(685, 43, '2023-05-07', '2024-03-27', NULL),
(686, 52, '2023-05-10', '2024-04-21', NULL),
(687, 90, '2023-05-10', '2024-04-10', NULL),
(688, 44, '2023-05-07', '2024-02-24', NULL),
(689, 11, '2023-05-11', '2024-04-08', NULL),
(690, 93, '2023-05-10', '2024-04-25', NULL),
(691, 40, '2023-05-09', '2024-03-14', NULL),
(692, 85, '2023-05-07', '2024-04-01', NULL),
(693, 23, '2023-05-10', '2024-01-17', NULL),
(695, 33, '2023-05-11', '2024-03-12', NULL),
(696, 37, '2023-05-11', '2024-02-07', NULL),
(697, 99, '2023-05-09', '2024-05-03', NULL),
(698, 96, '2023-05-07', '2024-03-15', NULL),
(699, 21, '2023-05-09', '2024-02-18', NULL),
(700, 69, '2023-05-07', '2024-04-29', NULL),
(701, 59, '2023-05-11', '2024-04-27', NULL),
(702, 22, '2023-05-09', '2024-03-01', NULL),
(703, 17, '2023-05-07', '2024-04-09', NULL),
(704, 15, '2023-05-09', '2024-04-16', NULL),
(705, 33, '2023-05-08', '2024-02-03', NULL),
(706, 88, '2023-05-11', '2024-01-28', NULL),
(707, 8, '2023-05-07', '2024-03-01', NULL),
(708, 46, '2023-05-09', '2024-02-16', NULL),
(709, 26, '2023-05-08', '2024-01-04', NULL),
(710, 8, '2023-05-10', '2024-03-07', NULL),
(711, 86, '2023-05-10', '2024-02-03', NULL),
(712, 55, '2023-05-07', '2024-02-09', NULL),
(713, 85, '2023-05-10', '2024-02-22', NULL),
(714, 13, '2023-05-11', '2024-04-27', NULL),
(715, 78, '2023-05-09', '2024-03-26', NULL),
(716, 64, '2023-05-11', '2024-02-12', NULL),
(717, 16, '2023-05-08', '2024-03-10', NULL),
(718, 88, '2023-05-10', '2024-02-08', NULL),
(719, 28, '2023-05-08', '2024-02-15', NULL),
(720, 19, '2023-05-08', '2024-03-03', NULL),
(721, 87, '2023-05-07', '2024-03-04', NULL),
(722, 38, '2023-05-07', '2024-03-27', NULL),
(723, 27, '2023-05-07', '2024-05-05', NULL),
(724, 29, '2023-05-10', '2024-02-29', NULL),
(725, 90, '2023-05-07', '2024-04-30', NULL),
(726, 77, '2023-05-08', '2024-04-27', NULL),
(727, 22, '2023-05-09', '2024-02-10', NULL),
(728, 44, '2023-05-07', '2024-04-26', NULL),
(729, 14, '2023-05-11', '2024-04-05', NULL),
(730, 84, '2023-05-11', '2024-02-26', NULL),
(731, 79, '2023-05-10', '2024-02-11', NULL),
(732, 4, '2023-05-08', '2024-04-23', NULL),
(733, 4, '2023-05-09', '2024-01-06', NULL),
(734, 84, '2023-05-10', '2024-01-12', NULL),
(735, 12, '2023-05-10', '2024-01-06', NULL),
(736, 95, '2023-05-09', '2024-05-03', NULL),
(737, 40, '2023-05-09', '2024-01-26', NULL),
(738, 33, '2023-05-10', '2024-04-08', NULL),
(739, 74, '2023-05-07', '2024-04-03', NULL),
(740, 61, '2023-05-11', '2024-04-28', NULL),
(741, 28, '2023-05-10', '2024-04-04', NULL),
(742, 95, '2023-05-10', '2024-01-14', NULL),
(743, 9, '2023-05-08', '2024-03-16', NULL),
(744, 72, '2023-05-10', '2024-01-18', NULL),
(745, 91, '2023-05-09', '2024-03-10', NULL),
(746, 94, '2023-05-11', '2024-02-28', NULL),
(747, 79, '2023-05-07', '2024-02-20', NULL),
(748, 47, '2023-05-10', '2024-03-14', NULL),
(749, 67, '2023-05-09', '2024-03-04', NULL),
(750, 50, '2023-05-10', '2024-01-01', NULL),
(751, 100, '2023-05-10', '2024-04-05', NULL),
(752, 21, '2023-05-08', '2024-03-27', NULL),
(753, 81, '2023-05-09', '2024-01-07', NULL),
(754, 99, '2023-05-08', '2024-03-20', NULL),
(755, 97, '2023-05-08', '2024-05-06', NULL),
(756, 65, '2023-05-09', '2024-01-27', NULL),
(757, 13, '2023-05-10', '2024-03-29', NULL),
(758, 14, '2023-05-11', '2024-04-13', NULL),
(759, 27, '2023-05-07', '2024-02-07', NULL),
(760, 85, '2023-05-09', '2024-03-29', NULL),
(761, 75, '2023-05-08', '2024-04-13', NULL),
(762, 99, '2023-05-11', '2024-05-02', NULL),
(763, 90, '2023-05-08', '2024-04-03', NULL),
(764, 15, '2023-05-09', '2024-04-07', NULL),
(765, 4, '2023-05-07', '2024-03-24', NULL),
(766, 68, '2023-05-09', '2024-02-10', NULL),
(767, 5, '2023-05-08', '2024-05-02', NULL),
(768, 57, '2023-05-09', '2024-03-07', NULL),
(769, 31, '2023-05-11', '2024-04-11', NULL),
(770, 27, '2023-05-08', '2024-02-01', NULL),
(771, 85, '2023-05-08', '2024-01-13', NULL),
(772, 20, '2023-05-07', '2024-04-17', NULL),
(773, 63, '2023-05-11', '2024-02-06', NULL),
(774, 81, '2023-05-11', '2024-02-05', NULL),
(775, 19, '2023-05-11', '2024-01-01', NULL),
(776, 83, '2023-05-09', '2024-03-12', NULL),
(777, 67, '2023-05-07', '2024-04-01', NULL),
(778, 28, '2023-05-08', '2024-02-13', NULL),
(779, 16, '2023-05-09', '2024-03-21', NULL),
(780, 28, '2023-05-10', '2024-03-23', NULL),
(781, 8, '2023-05-08', '2024-01-26', NULL),
(782, 8, '2023-05-08', '2024-04-14', NULL),
(783, 64, '2023-05-07', '2024-02-04', NULL),
(784, 8, '2023-05-10', '2024-02-21', NULL),
(785, 54, '2023-05-10', '2024-04-03', NULL),
(786, 45, '2023-05-07', '2024-03-23', NULL),
(787, 58, '2023-05-07', '2024-04-28', NULL),
(788, 52, '2023-05-09', '2024-04-06', NULL),
(789, 80, '2023-05-09', '2024-02-24', NULL),
(790, 73, '2023-05-08', '2024-03-21', NULL),
(791, 45, '2023-05-07', '2024-01-12', NULL),
(792, 49, '2023-05-09', '2024-01-31', NULL),
(793, 84, '2023-05-07', '2024-02-14', NULL),
(794, 95, '2023-05-11', '2024-03-24', NULL),
(795, 47, '2023-05-09', '2024-03-27', NULL),
(796, 32, '2023-05-07', '2024-02-29', NULL),
(797, 67, '2023-05-07', '2024-02-14', NULL),
(798, 71, '2023-05-08', '2024-02-28', NULL),
(799, 83, '2023-05-08', '2024-04-21', NULL),
(800, 90, '2023-05-08', '2024-04-04', NULL),
(801, 37, '2023-05-10', '2024-04-09', NULL),
(802, 82, '2023-05-09', '2024-02-12', NULL),
(803, 43, '2023-05-11', '2024-01-10', NULL),
(804, 60, '2023-05-10', '2024-02-12', NULL),
(805, 11, '2023-05-11', '2024-02-10', NULL),
(806, 55, '2023-05-07', '2024-04-25', NULL),
(807, 8, '2023-05-10', '2024-05-06', NULL),
(808, 4, '2023-05-07', '2024-01-30', NULL),
(809, 6, '2023-05-10', '2024-04-22', NULL),
(810, 46, '2023-05-10', '2024-04-02', NULL),
(811, 42, '2023-05-09', '2024-02-22', NULL),
(812, 82, '2023-05-08', '2024-04-16', NULL),
(813, 100, '2023-05-07', '2024-03-07', NULL),
(814, 42, '2023-05-10', '2024-02-26', NULL),
(816, 27, '2023-05-08', '2024-04-16', NULL),
(817, 71, '2023-05-08', '2024-02-22', NULL),
(818, 66, '2023-05-07', '2024-02-01', NULL),
(819, 58, '2023-05-07', '2024-04-08', NULL),
(820, 41, '2023-05-08', '2024-04-06', NULL),
(821, 92, '2023-05-10', '2024-04-26', NULL),
(822, 45, '2023-05-09', '2024-01-03', NULL),
(823, 24, '2023-05-08', '2024-02-28', NULL),
(824, 60, '2023-05-11', '2024-04-10', NULL),
(825, 41, '2023-05-08', '2024-01-15', NULL),
(826, 30, '2023-05-10', '2024-03-08', NULL),
(827, 8, '2023-05-09', '2024-04-20', NULL),
(828, 45, '2023-05-08', '2024-01-07', NULL),
(829, 61, '2023-05-07', '2024-04-16', NULL),
(830, 69, '2023-05-11', '2024-04-16', NULL),
(831, 32, '2023-05-08', '2024-05-02', NULL),
(832, 32, '2023-05-07', '2024-03-29', NULL),
(833, 45, '2023-05-11', '2024-01-20', NULL),
(834, 44, '2023-05-08', '2024-03-15', NULL),
(835, 37, '2023-05-08', '2024-03-03', NULL),
(836, 54, '2023-05-07', '2024-03-27', NULL),
(837, 24, '2023-05-08', '2024-01-17', NULL),
(838, 31, '2023-05-08', '2024-05-02', NULL),
(839, 38, '2023-05-08', '2024-03-15', NULL),
(840, 28, '2023-05-08', '2024-05-01', NULL),
(841, 46, '2023-05-10', '2024-04-13', NULL),
(842, 66, '2023-05-10', '2024-01-17', NULL),
(843, 100, '2023-05-07', '2024-01-18', NULL),
(844, 25, '2023-05-11', '2024-04-26', NULL),
(845, 81, '2023-05-09', '2024-03-12', NULL),
(846, 45, '2023-05-09', '2024-04-02', NULL),
(847, 80, '2023-05-09', '2024-02-11', NULL),
(848, 77, '2023-05-07', '2024-02-12', NULL),
(849, 32, '2023-05-07', '2024-04-14', NULL),
(850, 32, '2023-05-09', '2024-04-05', NULL),
(851, 65, '2023-05-10', '2024-04-16', NULL),
(852, 65, '2023-05-10', '2024-02-07', NULL),
(853, 16, '2023-05-10', '2024-01-29', NULL),
(854, 48, '2023-05-07', '2024-03-12', NULL),
(855, 47, '2023-05-11', '2024-03-17', NULL),
(856, 6, '2023-05-11', '2024-04-14', NULL),
(857, 42, '2023-05-07', '2024-01-11', NULL),
(858, 63, '2023-05-10', '2024-03-03', NULL),
(860, 33, '2023-05-07', '2024-01-19', NULL),
(861, 49, '2023-05-09', '2024-03-10', NULL),
(862, 54, '2023-05-07', '2024-04-04', NULL),
(863, 3, '2023-05-09', '2024-02-02', NULL),
(864, 43, '2023-05-09', '2024-02-12', NULL),
(865, 67, '2023-05-10', '2024-01-29', NULL),
(866, 100, '2023-05-07', '2024-03-25', NULL),
(867, 4, '2023-05-10', '2024-02-01', NULL),
(868, 27, '2023-05-09', '2024-03-26', NULL),
(869, 68, '2023-05-09', '2024-05-05', NULL),
(870, 21, '2023-05-08', '2024-03-22', NULL),
(871, 71, '2023-05-08', '2024-04-27', NULL),
(872, 33, '2023-05-11', '2024-02-25', NULL),
(873, 56, '2023-05-08', '2024-02-20', NULL),
(874, 79, '2023-05-11', '2024-01-09', NULL),
(875, 90, '2023-05-10', '2024-04-04', NULL),
(876, 34, '2023-05-08', '2024-02-20', NULL),
(877, 7, '2023-05-11', '2024-01-16', NULL),
(878, 57, '2023-05-08', '2024-04-19', NULL),
(879, 74, '2023-05-08', '2024-03-09', NULL),
(880, 48, '2023-05-10', '2024-03-10', NULL),
(881, 88, '2023-05-08', '2024-02-12', NULL),
(882, 46, '2023-05-10', '2024-05-04', NULL),
(883, 88, '2023-05-08', '2024-02-16', NULL),
(884, 13, '2023-05-11', '2024-01-13', NULL),
(885, 62, '2023-05-10', '2024-04-25', NULL),
(886, 15, '2023-05-11', '2024-01-20', NULL),
(887, 98, '2023-05-07', '2024-03-12', NULL),
(888, 38, '2023-05-09', '2024-01-07', NULL),
(889, 18, '2023-05-11', '2024-04-17', NULL),
(890, 36, '2023-05-09', '2024-02-15', NULL),
(891, 46, '2023-05-10', '2024-01-14', NULL),
(892, 7, '2023-05-08', '2024-02-03', NULL),
(893, 68, '2023-05-10', '2024-02-23', NULL),
(894, 73, '2023-05-07', '2024-03-01', NULL),
(895, 11, '2023-05-11', '2024-03-28', NULL),
(896, 61, '2023-05-11', '2024-04-14', NULL),
(897, 89, '2023-05-07', '2024-01-14', NULL),
(898, 5, '2023-05-07', '2024-02-17', NULL),
(899, 8, '2023-05-09', '2024-03-08', NULL),
(900, 63, '2023-05-11', '2024-03-10', NULL),
(901, 44, '2023-05-09', '2024-03-22', NULL),
(903, 21, '2023-05-11', '2024-04-03', NULL),
(904, 16, '2023-05-09', '2024-02-04', NULL),
(905, 5, '2023-05-10', '2024-01-15', NULL),
(906, 72, '2023-05-10', '2024-02-13', NULL),
(907, 43, '2023-05-09', '2024-01-18', NULL),
(908, 52, '2023-05-07', '2024-01-02', NULL),
(909, 97, '2023-05-08', '2024-04-14', NULL),
(910, 3, '2023-05-07', '2024-03-03', NULL),
(911, 26, '2023-05-09', '2024-03-31', NULL),
(912, 52, '2023-05-08', '2024-03-10', NULL),
(913, 72, '2023-05-10', '2024-02-25', NULL),
(914, 47, '2023-05-10', '2024-04-27', NULL),
(915, 85, '2023-05-08', '2024-01-19', NULL),
(916, 88, '2023-05-08', '2024-04-12', NULL),
(917, 96, '2023-05-11', '2024-01-04', NULL),
(918, 36, '2023-05-07', '2024-03-17', NULL),
(919, 29, '2023-05-09', '2024-01-18', NULL),
(920, 80, '2023-05-08', '2024-02-12', NULL),
(921, 29, '2023-05-08', '2024-01-18', NULL),
(922, 16, '2023-05-07', '2024-02-20', NULL),
(923, 85, '2023-05-07', '2024-01-20', NULL),
(924, 74, '2023-05-07', '2024-03-07', NULL),
(925, 89, '2023-05-09', '2024-03-09', NULL),
(926, 31, '2023-05-07', '2024-03-13', NULL),
(927, 68, '2023-05-07', '2024-02-24', NULL),
(928, 42, '2023-05-07', '2024-04-24', NULL),
(930, 81, '2023-05-09', '2024-01-02', NULL),
(931, 67, '2023-05-08', '2024-03-19', NULL),
(932, 99, '2023-05-11', '2024-01-24', 2),
(933, 34, '2023-05-07', '2024-04-27', NULL),
(934, 5, '2023-05-08', '2024-02-01', 1),
(935, 40, '2023-05-11', '2024-02-15', NULL),
(936, 49, '2023-05-10', '2024-01-17', NULL),
(937, 76, '2023-05-09', '2024-02-11', NULL),
(938, 94, '2023-05-08', '2024-02-25', NULL),
(939, 100, '2023-05-10', '2024-01-19', NULL),
(940, 14, '2023-05-08', '2024-02-05', 2),
(942, 3, '2023-05-10', '2024-01-27', NULL),
(943, 74, '2023-05-10', '2024-03-07', NULL),
(944, 60, '2023-05-10', '2024-03-20', NULL),
(945, 90, '2023-05-09', '2024-01-02', NULL),
(946, 59, '2023-05-09', '2024-02-10', NULL),
(947, 63, '2023-05-10', '2024-02-23', NULL),
(948, 57, '2023-05-07', '2024-03-29', NULL),
(949, 38, '2023-05-10', '2024-02-14', NULL),
(950, 11, '2023-05-09', '2024-02-16', NULL),
(951, 17, '2023-05-11', '2024-02-02', NULL),
(952, 7, '2023-05-09', '2024-04-24', NULL),
(953, 12, '2023-05-08', '2024-02-28', NULL),
(954, 23, '2023-05-08', '2024-01-13', NULL),
(955, 71, '2023-05-07', '2024-02-03', NULL),
(956, 93, '2023-05-08', '2024-01-22', NULL),
(957, 86, '2023-05-11', '2024-04-23', NULL),
(958, 58, '2023-05-10', '2024-05-03', NULL),
(959, 92, '2023-05-07', '2024-03-22', NULL),
(960, 17, '2023-05-11', '2024-03-17', NULL),
(961, 60, '2023-05-07', '2024-02-28', NULL),
(962, 15, '2023-05-09', '2024-02-20', NULL),
(963, 48, '2023-05-11', '2024-01-06', NULL),
(964, 75, '2023-05-11', '2024-02-01', NULL),
(965, 56, '2023-05-11', '2024-03-28', NULL),
(966, 93, '2023-05-07', '2024-04-25', NULL),
(967, 59, '2023-05-07', '2024-04-07', NULL),
(968, 15, '2023-05-09', '2024-04-10', NULL),
(969, 11, '2023-05-09', '2024-03-30', NULL),
(970, 38, '2023-05-11', '2024-01-08', NULL),
(971, 72, '2023-05-10', '2024-01-30', NULL),
(972, 67, '2023-05-11', '2024-02-24', NULL),
(973, 11, '2023-05-08', '2024-03-25', NULL),
(974, 58, '2023-05-07', '2024-04-06', NULL),
(975, 91, '2023-05-08', '2024-01-03', NULL),
(976, 63, '2023-05-07', '2024-03-09', NULL),
(977, 86, '2023-05-09', '2024-01-19', NULL),
(978, 26, '2023-05-09', '2024-03-26', NULL),
(979, 93, '2023-05-08', '2024-02-19', NULL),
(980, 42, '2023-05-11', '2024-03-09', NULL),
(981, 92, '2023-05-11', '2024-05-03', NULL),
(982, 20, '2023-05-11', '2024-03-20', NULL),
(984, 23, '2023-05-07', '2024-02-26', NULL),
(985, 34, '2023-05-11', '2024-01-10', NULL),
(986, 56, '2023-05-10', '2024-01-11', NULL),
(987, 82, '2023-05-11', '2024-02-27', NULL),
(988, 68, '2023-05-08', '2024-03-01', NULL),
(989, 66, '2023-05-11', '2024-03-09', NULL),
(990, 42, '2023-05-10', '2024-01-03', NULL),
(991, 9, '2023-05-11', '2024-02-17', NULL),
(992, 65, '2023-05-08', '2024-03-01', NULL),
(994, 9, '2023-05-10', '2024-03-15', NULL),
(995, 46, '2023-05-08', '2024-03-01', NULL),
(996, 49, '2023-05-09', '2024-03-17', NULL),
(997, 81, '2023-05-08', '2024-02-18', NULL),
(998, 83, '2023-05-08', '2024-01-15', NULL),
(999, 43, '2023-05-07', '2024-04-22', NULL),
(1000, 28, '2023-05-08', '2024-01-09', NULL),
(1001, 102, '2024-05-07', '2024-05-08', NULL),
(1002, 102, '2024-05-07', '2024-05-08', NULL),
(1003, 5, '2024-05-14', '2024-05-20', 1),
(1004, 6, '2024-05-16', '2024-05-26', 2),
(1005, 11, '2024-06-01', '2024-06-21', 1);

-- 
-- Dumping data for table personal_access_tokens
--
INSERT INTO personal_access_tokens VALUES
(1, 'App\\Models\\User', 1, 'API Token', '3848d0ac7d20304fa0582a186fc72a778b9ecf617ef3186810a6ee116e1ebcb3', '["*"]', NULL, NULL, '2024-05-14 14:01:06', '2024-05-14 14:01:06'),
(4, 'App\\Models\\User', 1, 'API Token', 'a7ec56e852c7abf355c7da32a58da64eb30a55f07a7a899656b8a68ffec99d89', '["*"]', '2024-05-14 15:31:18', NULL, '2024-05-14 14:41:18', '2024-05-14 15:31:18'),
(5, 'App\\Models\\User', 2, 'API Token', 'de02868eb07c19241891e4c85508f6e4e2d5bc6a408cc5a04a09ab44943b56da', '["*"]', '2024-05-21 13:36:24', NULL, '2024-05-14 14:56:19', '2024-05-21 13:36:24'),
(6, 'App\\Models\\User', 1, 'API Token', '60aecf67bdef9a61020969918ffb4b10c1234439702282292224cbc600c3ae83', '["*"]', NULL, NULL, '2024-05-21 13:18:44', '2024-05-21 13:18:44'),
(8, 'App\\Models\\User', 3, 'API Token', 'b47553cc9090bac58eaac665460abf9b4e58e7d5408583f5d1cd904b5b0f91c3', '["*"]', NULL, NULL, '2024-05-21 13:58:16', '2024-05-21 13:58:16');

-- 
-- Dumping data for table password_reset_tokens
--
-- Table car_rental.password_reset_tokens does not contain any data (it is empty)

-- 
-- Dumping data for table migrations
--
INSERT INTO migrations VALUES
(1, '2014_10_12_000000_create_users_table', 1),
(2, '2014_10_12_100000_create_password_reset_tokens_table', 1),
(3, '2019_08_19_000000_create_failed_jobs_table', 1),
(4, '2019_12_14_000001_create_personal_access_tokens_table', 1);

-- 
-- Dumping data for table failed_jobs
--
-- Table car_rental.failed_jobs does not contain any data (it is empty)

-- 
-- Restore previous SQL mode
-- 
/*!40101 SET SQL_MODE=@OLD_SQL_MODE */;

-- 
-- Enable foreign keys
-- 
/*!40014 SET FOREIGN_KEY_CHECKS=@OLD_FOREIGN_KEY_CHECKS */;